Title,Note,URL,Comment
Hibikimachi,,https://www.google.com/maps/place/Hibikimachi/data=!4m2!3m1!1s0x3543b7868a5da189:0x2de787902c224f7d,
Busan Port Terminal,,https://www.google.com/maps/place/Busan+Port+Terminal/data=!4m2!3m1!1s0x3568ec474fe3496d:0xa03168918891ae56,
Hanjin Incheon Container Terminal,,https://www.google.com/maps/place/Hanjin+Incheon+Container+Terminal/data=!4m2!3m1!1s0x357b75e6b256b463:0xbb300ccb50490327,
Changyuan Road,,https://www.google.com/maps/place/Changyuan+Road/data=!4m2!3m1!1s0x36eca5011e56d2df:0x29641ead0508ab93,
Container Terminals,,https://www.google.com/maps/place/Container+Terminals/data=!4m2!3m1!1s0x35b49255ce1ad5ff:0x3b751b36e04312a5,
Qinzhou Port,,https://www.google.com/maps/place/Qinzhou+Port/data=!4m2!3m1!1s0x36b33073ef2e33d5:0xea5c54f49d63411b,
PSA Halifax Atlantic Hub,,https://www.google.com/maps/place/PSA+Halifax+Atlantic+Hub/data=!4m2!3m1!1s0x4b5a224674fd6d61:0xcd34647384486703,
"Tianjin Port Container Terminal Co., Ltd.",,"https://www.google.com/maps/place/Tianjin+Port+Container+Terminal+Co.,+Ltd./data=!4m2!3m1!1s0x35ed85b46b5afc93:0x5633a0c929f903d",
Guangzhou South China Oceangate Container Terminal,,https://www.google.com/maps/place/Guangzhou+South+China+Oceangate+Container+Terminal/data=!4m2!3m1!1s0x3403c0d6dac0e8c3:0x11fe63cd6b3f5da6,
Fuzhou International Container Terminal,,https://www.google.com/maps/place/Fuzhou+International+Container+Terminal/data=!4m2!3m1!1s0x346a838d052001d7:0x8cafe5a44caf4b37,
"Dalian Container Terminal Co.,Ltd.",,"https://www.google.com/maps/place/Dalian+Container+Terminal+Co.,Ltd./data=!4m2!3m1!1s0x3585e5f498daa901:0xa94ec13bc37000da",
Container Terminal N.S.D Gate 7,,https://www.google.com/maps/place/Container+Terminal+N.S.D+Gate+7/data=!4m2!3m1!1s0x3a027995c35ed5bb:0x81bc6b73174bd30c,
Ameya Logistics,,https://www.google.com/maps/place/Ameya+Logistics/data=!4m2!3m1!1s0x3be7dc1d208645cb:0x5769e4e71b25e2a5,
PSA Mumbai (Bharat Mumbai Container Terminals),,https://www.google.com/maps/place/PSA+Mumbai+(Bharat+Mumbai+Container+Terminals)/data=!4m2!3m1!1s0x3be7dadbd6dc050b:0x66aa81dadaecae8f,
PSA's Chennai International Terminals Pvt Ltd (CITPL),,https://www.google.com/maps/place/PSA's+Chennai+International+Terminals+Pvt+Ltd+(CITPL)/data=!4m2!3m1!1s0x3a526f3613958b0d:0x74754d305ad0fb02,
PSA SICAL Terminals Limited,,https://www.google.com/maps/place/PSA+SICAL+Terminals+Limited/data=!4m2!3m1!1s0x3b03e95b1c5e560d:0x83360319981ca8b,
New Priok Container Terminal One (NPCT1),,https://www.google.com/maps/place/New+Priok+Container+Terminal+One+(NPCT1)/data=!4m2!3m1!1s0x2e6a202bf6f8a5ef:0x7ff28c5789a24fb7,
"Laem Chabang International Terminal Co., Ltd (B-5 Terminal)",,"https://www.google.com/maps/place/Laem+Chabang+International+Terminal+Co.,+Ltd+(B-5+Terminal)/data=!4m2!3m1!1s0x3102b961d51a54dd:0x97543a8b9eb62ada",
ICD Tân Cảng Quế Võ,,https://www.google.com/maps/place/ICD+T%C3%A2n+C%E1%BA%A3ng+Qu%E1%BA%BF+V%C3%B5/data=!4m2!3m1!1s0x313577f1f0a88589:0x8448b3289e7f0835,
Thai Connectivity Terminal (TCT Map Ta Phut Industrial Port,,https://www.google.com/maps/place/Thai+Connectivity+Terminal+(TCT+Map+Ta+Phut+Industrial+Port/data=!4m2!3m1!1s0x3102f0c9cdacda79:0x9ebc4767aecdc645,
SP - PSA International Port,,https://www.google.com/maps/place/SP+-+PSA+International+Port/data=!4m2!3m1!1s0x317513911c92a585:0x39a8cba197432787,
PSA Sembawang Wharves,,https://www.google.com/maps/place/PSA+Sembawang+Wharves/data=!4m2!3m1!1s0x31da14a343216269:0x15c3d1d3e46c22a0,
PSA Jurong Island Terminal (JIT),,https://www.google.com/maps/place/PSA+Jurong+Island+Terminal+(JIT)/data=!4m2!3m1!1s0x31da050075242a63:0x715b993348fda71f,
PSA Brani Terminal,,https://www.google.com/maps/place/PSA+Brani+Terminal/data=!4m2!3m1!1s0x31da195ab7a4a3c9:0xd1211ce20486c256,
PSA Singapore - Multipurpose Terminal,,https://www.google.com/maps/place/PSA+Singapore+-+Multipurpose+Terminal/data=!4m2!3m1!1s0x31da1b076d3cdf7d:0x32c3a7161b856ecb,
PSA Tuas Port,,https://www.google.com/maps/place/PSA+Tuas+Port/data=!4m2!3m1!1s0x31da01b03dc9c233:0x4735c174d58d2efa,

